#{"t_start": 1758364263.4824493, "env_id": "gymnasium_env/TowerDefenseWorld-v0"}
r,l,t
-176.0,698,27.662125
-190.0,541,31.040163
-187.0,700,33.323387
-229.0,530,36.133795
-181.0,676,38.298314
-225.0,541,39.914968
-226.0,541,42.729588
-218.0,665,44.809598
-179.0,698,47.030944
-186.0,677,50.34359
-264.0,530,51.917799
-182.0,676,54.043286
-195.0,678,56.181956
-171.0,729,59.712257
-186.0,700,61.940705
-108.0,2105,73.601337
-180.0,687,76.954716
-193.0,541,78.559515
-223.0,541,80.167113
-171.0,687,82.328673
-184.0,742,85.90823
-231.0,530,87.475666
-215.0,699,89.737148
-193.0,678,93.063472
-182.0,676,95.183984
-235.0,543,96.803102
-192.0,541,99.610525
-186.0,688,101.783245
-160.0,1047,105.568177
-225.0,541,108.359244
-185.0,688,110.548125
-219.0,677,112.905701
-198.0,542,115.801226
-188.0,690,117.974807
-165.0,1420,125.005413
-123.0,1413,130.815414
-199.0,542,133.612778
-181.0,698,135.81806
-180.0,676,137.93651
-178.0,687,141.308871
-183.0,676,143.455897
-226.0,541,145.068182
-226.0,541,146.674691
-228.0,530,149.432496
-146.0,1202,154.029692
-198.0,542,156.826065
-183.0,699,159.044413
-197.0,542,160.655838
-180.0,676,162.775501
-184.0,676,166.096553
-180.0,676,168.213069
-191.0,541,169.819619
-125.0,1412,177.273957
-178.0,698,179.488668
-230.0,530,182.255887
-201.0,543,183.870857
-182.0,687,186.040606
-183.0,688,189.40262
-173.0,740,191.788356
-194.0,542,193.404418
-234.0,531,196.159775
-167.0,844,198.988087
-177.0,687,201.16537
-117.0,1412,208.163498
-182.0,676,210.289701
-233.0,531,213.055455
-174.0,845,215.894111
-189.0,677,218.027586
-180.0,698,221.450632
-177.0,698,223.666417
-187.0,677,225.802525
-153.0,1045,231.031141
-190.0,689,233.333085
-158.0,844,237.380951
-172.0,698,239.595875
-198.0,542,241.217898
-216.0,676,262.983685
-193.0,541,266.284936
-184.0,730,268.650032
-184.0,699,270.894772
-98.0,1614,279.16383
-179.0,687,282.54822
-190.0,677,284.68864
-188.0,689,286.870639
-178.0,687,290.239528
-229.0,530,291.993593
-192.0,541,293.731103
-192.0,541,295.374382
-124.0,1412,302.372855
-178.0,740,304.77394
-182.0,687,308.133523
-225.0,541,309.745431
-184.0,676,311.871992
-229.0,530,314.637909
-165.0,855,317.540802
-180.0,676,319.676281
-184.0,699,323.125085
-82.0,2115,334.905562
-175.0,698,337.125797
-189.0,700,339.366839
-191.0,733,342.915831
-184.0,676,345.050775
-193.0,541,346.665759
-192.0,689,350.046811
-186.0,687,352.229132
-183.0,687,354.419092
-143.0,1415,361.439391
-182.0,698,363.66519
-218.0,676,367.002099
-190.0,701,369.23312
-185.0,676,371.375886
-176.0,687,374.752499
-181.0,687,376.92808
-187.0,688,379.119164
-165.0,856,383.226079
-172.0,856,386.133962
-174.0,741,389.736192
-183.0,676,391.872676
-158.0,1412,398.873106
-182.0,731,401.243202
-179.0,687,403.423613
-206.0,692,406.823319
-176.0,698,409.047755
-186.0,743,411.451802
-167.0,856,415.555562
-169.0,943,418.873616
-194.0,542,421.695644
-181.0,676,423.838904
-186.0,699,426.083204
-191.0,731,429.649929
-186.0,688,431.847883
-192.0,541,433.47066
-182.0,687,435.648612
-192.0,541,438.466149
-177.0,687,440.65763
-197.0,1035,445.611767
-161.0,844,448.478086
-210.0,834,451.293242
-226.0,541,454.100121
-184.0,699,456.331289
-124.0,1414,463.33247
-181.0,687,465.517606
-67.0,2104,477.977001
-181.0,699,480.219521
-183.0,676,483.558825
-185.0,677,485.707649
-179.0,687,487.889284
-201.0,531,490.670809
-221.0,742,493.08632
-119.0,1413,500.091577
-163.0,1201,504.703413
-193.0,541,507.574624
-228.0,542,523.33095
-179.0,698,526.897181
-163.0,1412,534.291424
-225.0,541,535.915345
-186.0,688,538.098202
-202.0,531,540.867694
-179.0,687,543.036927
-184.0,676,545.171067
-179.0,730,548.713261
-170.0,845,551.553699
-234.0,531,553.136333
-184.0,676,556.466728
-103.0,2093,568.144629
-185.0,676,570.282045
-186.0,699,572.5071
-185.0,687,575.881711
-57.0,2104,587.584792
-228.0,530,589.16178
-184.0,676,591.294722
-144.0,1045,596.287686
-186.0,677,598.429453
-234.0,531,600.006998
-174.0,698,603.431922
-136.0,1201,608.037575
-180.0,687,611.41526
-180.0,1045,615.220689
-192.0,541,618.040541
-183.0,676,620.195635
-181.0,687,622.388232
-172.0,729,625.960509
-162.0,855,628.860757
-234.0,531,630.442991
-226.0,541,632.061666
-194.0,541,634.869853
-169.0,1200,639.477177
-189.0,677,642.816231
-217.0,676,644.941359
-192.0,541,646.550868
-225.0,541,649.373111
-228.0,542,651.004849
-136.0,1415,656.808649
-225.0,541,659.624205
-190.0,541,661.238027
-229.0,530,662.812852
-163.0,844,666.861203
-193.0,541,668.476365
-184.0,730,670.823348
-177.0,846,674.865314
-181.0,687,677.04989
-199.0,542,678.671261
-191.0,541,681.51892
-174.0,698,683.759952
-196.0,530,685.342876
-187.0,677,688.692605
-230.0,530,690.267882
-118.0,1412,696.061553
-179.0,687,699.436317
-187.0,677,701.573287
-186.0,700,703.80183
-231.0,542,706.610446
-174.0,741,709.011271
-183.0,676,711.149111
-169.0,856,715.246228
-182.0,676,717.380889
-184.0,687,720.869582
-181.0,687,723.047599
-192.0,678,725.193957
-199.0,679,728.542768
-182.0,687,730.72865
-191.0,677,732.864114
-168.0,855,736.97825
-96.0,1602,743.933053
-102.0,1613,752.213261
-142.0,1416,759.25482
-186.0,677,761.388486
-192.0,541,763.005063
-142.0,1416,809.473231
-229.0,530,814.518142
-185.0,687,817.89776
-167.0,844,820.757465
-184.0,688,822.945677
-185.0,676,826.321535
-142.0,1415,832.600367
-194.0,541,835.472444
-180.0,698,837.707341
-168.0,740,840.099532
-230.0,530,842.869079
-182.0,687,845.046007
-182.0,699,847.276728
-148.0,1203,853.108317
-177.0,687,855.298449
-180.0,698,858.739744
-183.0,676,860.902757
-176.0,687,863.096403
-192.0,541,865.913011
-225.0,541,867.535927
-194.0,541,869.155917
-119.0,1412,876.199631
-123.0,1412,883.212823
-139.0,1202,887.843297
-167.0,856,892.487817
-245.0,533,894.209757
-189.0,688,896.435459
-167.0,698,898.66293
-166.0,822,902.611136
-38.0,2361,916.491159
-216.0,676,918.636126
-179.0,687,922.052908
-194.0,541,923.679346
-230.0,530,925.266927
-186.0,688,928.686288
-193.0,541,930.308278
-230.0,530,931.895274
-188.0,677,934.042095
-207.0,740,937.635618
-132.0,1413,943.468709
-178.0,698,946.887932
-170.0,844,949.76914
-184.0,676,953.381308
-194.0,541,955.060588
-202.0,543,956.689129
-192.0,541,958.318411
-192.0,541,961.146284
-189.0,677,963.28113
-177.0,698,965.50948
-229.0,530,967.09004
-179.0,698,970.512865
-188.0,677,972.662483
-264.0,530,974.244838
-228.0,542,977.062739
-191.0,678,979.213245
-161.0,1412,986.28156
-229.0,542,987.908505
-180.0,687,990.093918
-176.0,740,993.703749
-226.0,541,995.325199
-184.0,676,997.46814
-155.0,1045,1002.498175
-201.0,531,1004.085069
-184.0,688,1006.269296
-179.0,698,1009.704228
-197.0,542,1011.41239
-184.0,688,1013.857472
-189.0,689,1017.257114
-230.0,530,1018.83912
-194.0,541,1020.457451
-191.0,1046,1025.47751
-180.0,699,1027.909638
-188.0,677,1030.052002
-167.0,845,1034.121553
-226.0,541,1035.73383
-146.0,1203,1041.562805
-181.0,687,1062.179368
-204.0,855,1066.793417
-178.0,687,1070.187374
-196.0,530,1071.920256
-194.0,541,1073.677601
-194.0,541,1075.375228
-182.0,859,1079.507333
-179.0,698,1081.748315
-122.0,1401,1088.716551
-134.0,1414,1095.738983
-185.0,676,1097.882376
-187.0,677,1100.03694
-191.0,541,1102.870925
-217.0,676,1105.015575
-161.0,855,1107.906004
-179.0,698,1111.334155
-201.0,531,1112.91808
-183.0,741,1115.320424
-119.0,1412,1122.364795
-191.0,541,1123.988813
-224.0,541,1125.608162
-100.0,1602,1134.27693
-191.0,678,1137.646935
-199.0,542,1139.275966
-198.0,542,1140.913954
-196.0,530,1142.503558
-190.0,541,1145.332957
-176.0,698,1147.562396
-179.0,687,1149.748201
-224.0,541,1152.578604
-163.0,844,1155.431627
-194.0,541,1157.056758
-197.0,530,1159.835322
-111.0,1604,1166.851223
-223.0,541,1169.685338
-178.0,698,1171.911343
-179.0,698,1174.138058
-149.0,1034,1179.078945
-202.0,845,1181.956218
-189.0,677,1185.304917
-217.0,676,1187.450679
-184.0,688,1189.646873
-183.0,687,1193.315012
-180.0,687,1195.599634
-187.0,677,1197.738133
-162.0,844,1201.806819
-217.0,676,1203.961553
-191.0,677,1206.121573
-195.0,855,1210.22265
-179.0,687,1212.408265
-194.0,541,1214.02228
-196.0,542,1216.839525
-120.0,1200,1221.444252
-184.0,676,1223.60535
-178.0,687,1226.978146
-137.0,1202,1231.601093
-173.0,1415,1238.643501
-186.0,699,1240.873665
-182.0,676,1244.216212
-203.0,845,1247.067475
-127.0,1344,1254.143088
-210.0,698,1256.37181
-190.0,688,1258.569671
-191.0,541,1261.399347
-175.0,698,1263.619425
-178.0,687,1265.80047
-162.0,855,1269.903468
-165.0,856,1272.809365
-182.0,676,1276.142625
-104.0,1615,1283.385838
-215.0,676,1286.742554
-105.0,1615,1293.810849
-129.0,1414,1300.841167
-126.0,1414,1307.878796
-218.0,676,1310.021121
-179.0,688,1313.772935
-231.0,530,1329.348292
-183.0,688,1332.884464
-194.0,541,1334.518236
-102.0,1614,1342.822344
-128.0,1414,1349.859757
-178.0,698,1352.105037
-188.0,676,1355.467785
-182.0,676,1357.636028
-178.0,687,1359.835163
-228.0,530,1361.414781
-175.0,698,1364.853997
-173.0,740,1367.259961
-182.0,688,1370.655608
-183.0,676,1373.047879
-177.0,699,1375.401514
-152.0,941,1379.972709
-180.0,699,1382.215252
-181.0,687,1384.405155
-143.0,1202,1390.252202
-180.0,676,1392.405071
-179.0,687,1395.801266
-186.0,676,1397.94726
-171.0,740,1400.349261
-179.0,687,1403.78362
-228.0,542,1405.418584
-180.0,676,1407.570942
-187.0,676,1410.932473
-152.0,855,1413.839989
-182.0,687,1416.036631
-190.0,541,1418.879801
-204.0,740,1421.279839
-100.0,1615,1429.578904
-190.0,541,1431.220533
-173.0,698,1433.456554
-224.0,541,1436.28648
-175.0,858,1439.210997
-168.0,740,1441.614959
-139.0,1201,1447.450692
-70.0,2106,1459.242315
-94.0,1613,1467.523622
-134.0,1614,1475.842432
-177.0,698,1478.07437
-105.0,1603,1486.32548
-177.0,687,1488.622503
-165.0,844,1491.615786
-123.0,1200,1497.65611
-185.0,676,1499.799931
-183.0,699,1503.244751
-169.0,740,1505.640125
-171.0,729,1508.014174
-155.0,1413,1515.039664
-224.0,541,1516.661558
-190.0,541,1519.482338
-192.0,541,1521.10149
-179.0,687,1523.314961
-100.0,1615,1531.619056
-177.0,729,1533.972202
-229.0,530,1536.779271
-144.0,1346,1542.217136
-128.0,1412,1549.267636
-173.0,740,1551.847079
-78.0,1837,1561.932312
-176.0,741,1565.538495
-62.0,2093,1577.218567
-157.0,1048,1581.054062
-181.0,676,1583.220729
-184.0,676,1586.574985
-183.0,676,1588.722487
-166.0,844,1591.579852
-118.0,1569,1599.550354
-169.0,740,1603.151758
-192.0,541,1604.77042
-190.0,677,1606.920424
-160.0,855,1611.042933
-103.0,1603,1618.384775
-177.0,687,1621.773126
-180.0,676,1641.826513
-179.0,676,1645.662302
-182.0,687,1649.060107
-179.0,698,1651.292788
-181.0,676,1653.432248
-177.0,698,1656.86005
-180.0,698,1659.093795
-178.0,687,1661.28322
-179.0,687,1664.658985
-181.0,699,1666.894622
-166.0,844,1670.99532
-226.0,541,1672.845937
-159.0,941,1676.324076
-196.0,530,1679.121322
-106.0,1616,1686.244654
-185.0,699,1689.697075
-176.0,698,1691.946343
-196.0,530,1693.531003
-106.0,1615,1701.875575
-190.0,941,1705.210737
-191.0,541,1708.033105
-225.0,541,1709.654727
-179.0,687,1711.839498
-183.0,676,1715.186106
-177.0,687,1717.375522
-181.0,698,1719.611879
-34.0,2349,1733.491766
-185.0,676,1736.848665
-193.0,541,1738.474222
-162.0,1412,1745.541788
-190.0,541,1747.161212
-149.0,1035,1752.132118
-141.0,1201,1756.760479
-218.0,665,1758.858364
-174.0,741,1762.467071
-163.0,740,1764.878743
-161.0,833,1768.889308
-187.0,677,1771.048549
-172.0,740,1773.472755
-180.0,698,1776.914494
-192.0,689,1779.104377
-177.0,698,1781.337519
-197.0,530,1784.120175
-136.0,1416,1789.957279
-164.0,844,1794.475449
-186.0,688,1796.670244
-165.0,855,1799.583717
-202.0,740,1803.199672
-91.0,2111,1815.182509
-133.0,1201,1819.811909
-177.0,687,1823.24314
-183.0,676,1825.38862
-199.0,542,1827.01162
-165.0,833,1831.018603
-180.0,676,1833.150661
-171.0,698,1835.379796
-82.0,1837,1845.188456
-217.0,676,1848.537515
-222.0,677,1850.690886
-169.0,856,1853.962581
-133.0,1200,1859.794574
-180.0,676,1861.937846
-186.0,676,1865.281291
-110.0,1616,1872.378637
-177.0,687,1875.760592
-102.0,1566,1883.769204
-185.0,676,1885.925881
-206.0,532,1887.521797
-181.0,698,1889.758435
-187.0,688,1893.155493
-178.0,698,1895.377937
-111.0,1557,1903.323104
-182.0,676,1905.462438
-184.0,677,1908.802827
-177.0,687,1910.99517
-231.0,530,1912.776905
-188.0,688,1933.624019
-182.0,676,1938.655286
-183.0,699,1940.887047
-193.0,541,1942.53009
-184.0,688,1945.922925
-162.0,1201,1950.530336
-180.0,687,1953.913491
-184.0,676,1956.049581
-191.0,541,1957.66819
-183.0,676,1961.006682
-185.0,689,1963.202005
-162.0,844,1966.061636
-161.0,844,1970.105858
-125.0,1200,1975.154427
-180.0,676,1978.524812
-178.0,687,1980.711403
-187.0,677,1982.858842
-167.0,698,1986.300642
-177.0,687,1988.499779
-176.0,698,1990.725662
-176.0,742,1994.328602
-182.0,676,1996.466338
-104.0,1614,2004.809713
-181.0,699,2007.052053
-182.0,676,2010.39244
-167.0,698,2012.620354
-195.0,542,2014.252257
-168.0,740,2016.658462
-183.0,699,2020.091656
-133.0,1201,2024.702541
-169.0,741,2028.31021
-205.0,740,2030.883224
-177.0,688,2033.258111
-187.0,688,2036.650455
-230.0,530,2038.230124
-176.0,687,2040.419216
-165.0,740,2044.029409
-178.0,687,2046.21922
-175.0,858,2050.345358
-119.0,1200,2054.954802
-166.0,740,2057.349236
-175.0,698,2060.788004
-171.0,687,2062.994442
-180.0,687,2065.182614
-173.0,687,2068.554833
-180.0,687,2070.74504
-173.0,698,2072.978564
-167.0,698,2076.411595
-166.0,856,2079.318804
-170.0,740,2082.920534
-122.0,1615,2090.015803
-181.0,676,2093.790829
-177.0,687,2096.045225
-180.0,699,2098.298465
-166.0,943,2102.819769
-164.0,846,2105.694762
-119.0,1413,2112.722924
-166.0,834,2115.536757
-192.0,541,2118.375612
-169.0,698,2120.603121
-191.0,541,2122.248008
-174.0,698,2125.679726
-173.0,741,2128.089956
-200.0,855,2131.002679
-186.0,743,2134.611694
-180.0,676,2136.743279
-178.0,1201,2142.582097
-180.0,687,2144.778484
-170.0,845,2147.64686
-179.0,688,2151.046928
-182.0,742,2153.789482
-176.0,741,2156.215867
-182.0,687,2159.61289
-179.0,700,2161.852724
-176.0,741,2164.257711
-179.0,676,2167.594721
-179.0,676,2188.098716
-177.0,687,2191.939622
-181.0,687,2195.345351
-203.0,931,2198.605787
-68.0,2093,2210.281426
-132.0,1202,2216.483841
-180.0,676,2218.627188
-187.0,677,2221.959404
-195.0,691,2224.161016
-163.0,855,2227.064957
-196.0,542,2229.882381
-160.0,844,2232.723551
-94.0,1613,2241.009853
-167.0,740,2243.437589
-172.0,729,2245.803319
-172.0,698,2249.227842
-176.0,740,2251.628162
-135.0,1201,2257.468121
-174.0,698,2259.691606
-174.0,687,2261.870311
-192.0,541,2264.683538
-187.0,677,2266.82433
-184.0,676,2268.95518
-179.0,688,2272.589948
-100.0,1613,2279.856257
-195.0,542,2282.677619
-179.0,700,2284.909877
-181.0,699,2287.155935
-186.0,688,2290.547316
-181.0,676,2292.693115
-190.0,688,2294.896372
-171.0,698,2298.346282
-167.0,740,2300.762296
-168.0,740,2303.197143
-137.0,1201,2309.05638
-170.0,698,2311.284576
-178.0,688,2314.680531
-186.0,677,2316.827795
-178.0,687,2319.011145
-191.0,689,2322.402389
-185.0,742,2324.818234
-130.0,1414,2332.164295
-178.0,687,2334.428536
-190.0,689,2336.629642
-179.0,698,2340.082587
-177.0,698,2342.339278
-169.0,741,2345.951245
-156.0,844,2348.807184
-168.0,740,2351.220394
-177.0,743,2354.857569
-181.0,676,2357.003015
-159.0,855,2359.917827
-179.0,687,2363.339725
-157.0,844,2366.202207
-175.0,698,2368.432859
-159.0,844,2372.468431
-178.0,687,2374.653693
-169.0,698,2378.07709
-173.0,741,2380.493139
-180.0,676,2382.627822
-167.0,740,2386.235737
-184.0,677,2388.382998
-187.0,677,2390.529015
-181.0,676,2394.20207
-175.0,687,2396.392979
-177.0,698,2398.641059
-181.0,676,2401.999638
-180.0,676,2404.158522
-171.0,699,2406.402639
-175.0,687,2409.792296
-172.0,687,2411.978837
-173.0,699,2414.213234
-176.0,687,2417.603493
-135.0,1202,2422.252581
-200.0,855,2426.590932
-176.0,687,2428.780484
-176.0,687,2449.023654
-187.0,677,2454.426914
-168.0,932,2457.685182
-177.0,687,2459.885012
-180.0,676,2463.237114
-184.0,677,2465.365822
-173.0,698,2467.589538
-179.0,676,2470.932986
-172.0,687,2473.11323
-186.0,677,2475.244706
-182.0,676,2478.594547
-184.0,677,2480.751924
-166.0,740,2483.223881
-198.0,542,2486.090755
-172.0,687,2488.278155
-229.0,542,2489.901473
-181.0,689,2493.308434
-178.0,687,2495.495133
-174.0,740,2497.887993
-173.0,687,2501.277872
-168.0,740,2503.678479
-170.0,698,2505.912406
-178.0,687,2509.302341
-185.0,676,2511.55531
-183.0,741,2514.201701
-171.0,699,2517.642961
-182.0,676,2519.773372
-176.0,688,2521.9531
-176.0,687,2525.350275
-100.0,1602,2533.597906
-185.0,689,2535.797725
-179.0,676,2537.937984
-179.0,676,2541.296515
-184.0,677,2543.453104
-113.0,1412,2550.469571
-175.0,698,2552.699395
-186.0,690,2554.892497
-168.0,740,2558.494606
-173.0,687,2560.668399
-179.0,676,2562.809617
-182.0,676,2566.154215
-165.0,740,2568.542719
-183.0,688,2570.730104
-174.0,687,2574.48022
-182.0,688,2576.733946
-182.0,676,2578.899962
-210.0,687,2582.301686
-193.0,541,2583.931657
-175.0,687,2586.120028
-183.0,701,2589.565167
-171.0,741,2591.964705
-179.0,676,2594.106199
-182.0,688,2597.496609
-177.0,687,2599.685672
-167.0,845,2602.587836
-184.0,677,2605.953274
-176.0,742,2608.392868
-175.0,740,2610.800886
-191.0,541,2613.631995
-182.0,676,2615.771242
-175.0,699,2618.016738
-136.0,1201,2623.860806
-182.0,688,2626.046337
-179.0,676,2629.408163
-178.0,687,2631.834398
-177.0,687,2634.14293
-175.0,687,2637.535673
-177.0,687,2639.719728
-184.0,677,2641.862224
-178.0,688,2645.257728
-179.0,676,2647.396523
-171.0,687,2649.582779
-185.0,676,2652.929158
-177.0,687,2655.124354
-183.0,700,2657.359226
-184.0,677,2660.737363
-179.0,676,2681.32205
-173.0,687,2685.15222
-172.0,740,2688.754271
-182.0,688,2690.943406
-155.0,941,2694.58389
-172.0,687,2697.959606
-183.0,689,2700.155545
-184.0,699,2702.399514
-189.0,678,2705.753234
-179.0,676,2707.894989
-179.0,676,2710.038051
-179.0,676,2713.385971
-181.0,689,2715.593551
-197.0,679,2717.743754
-184.0,677,2721.094973
-176.0,698,2723.368968
-234.0,543,2725.002425
-177.0,687,2728.392851
-174.0,698,2730.626128
-179.0,676,2732.772928
-176.0,687,2736.163653
-179.0,676,2738.302465
-184.0,677,2740.446916
-184.0,676,2743.799312
-192.0,678,2745.959553
-191.0,690,2748.163709
-177.0,687,2751.677988
-184.0,677,2754.034283
-187.0,742,2756.457179
-182.0,676,2759.806509
-179.0,676,2761.946779
-192.0,541,2763.574273
-179.0,676,2766.937027
-182.0,676,2769.086137
-175.0,698,2771.311715
-204.0,681,2774.687725
-174.0,698,2776.922074
-184.0,742,2779.338807
-168.0,740,2782.965899
-182.0,676,2785.102779
-179.0,676,2787.241201
-176.0,687,2790.646427
-158.0,844,2793.502913
-182.0,688,2795.691456
-178.0,699,2799.133392
-153.0,855,2802.046872
-179.0,676,2805.400925
-182.0,741,2807.820684
-182.0,676,2809.962425
-175.0,698,2813.782069
-182.0,676,2815.968101
-179.0,676,2818.107256
-180.0,676,2821.461783
-179.0,676,2823.605422
-179.0,676,2825.740837
-177.0,687,2829.137588
-182.0,676,2831.297684
-180.0,699,2833.532367
-179.0,676,2836.891834
-189.0,678,2839.043135
-179.0,676,2841.193916
-179.0,676,2844.556436
-177.0,687,2846.752019
-179.0,676,2848.889762
-170.0,845,2853.060742
-173.0,698,2855.296154
-192.0,690,2857.4966
-187.0,677,2860.862181
-177.0,688,2863.057518
-179.0,676,2865.201402
-177.0,687,2868.609609
-179.0,741,2871.041371
-182.0,688,2873.476387
-181.0,688,2877.003734
-184.0,677,2879.173248
-182.0,676,2881.317896
-192.0,541,2898.590038
-190.0,678,2902.214207
-182.0,676,2904.352514
-175.0,687,2907.741753
-182.0,676,2909.882334
-181.0,699,2912.131586
-189.0,678,2915.495259
-177.0,699,2917.721069
-164.0,844,2920.570651
-179.0,676,2923.91267
-177.0,687,2926.120285
-197.0,542,2927.745997
-189.0,678,2931.351069
-184.0,677,2933.604178
-189.0,678,2935.76909
-182.0,688,2939.174695
-189.0,678,2941.338506
-177.0,687,2943.524345
-179.0,687,2946.933536
-173.0,740,2949.33885
-175.0,687,2951.517338
-179.0,676,2954.884745
-177.0,687,2957.076744
-189.0,678,2959.234269
-179.0,676,2962.640136
-173.0,698,2964.875024
-181.0,688,2967.072609
-225.0,541,2969.925128
-179.0,676,2972.066091
-172.0,687,2974.250907
-168.0,740,2977.868145
-178.0,740,2980.28256
-182.0,676,2982.421745
-165.0,834,2986.444498
-197.0,855,2989.355566
-179.0,676,2991.638002
-186.0,689,2995.265544
-169.0,698,2997.504194
-182.0,676,2999.652495
-182.0,676,3003.032461
-183.0,742,3005.462229
-179.0,676,3008.812911
-181.0,688,3011.004316
-225.0,541,3012.630176
-176.0,698,3014.858011
-190.0,541,3017.678469
-179.0,676,3019.826016
-180.0,688,3022.042718
-179.0,676,3025.395087
-180.0,688,3027.587789
-171.0,698,3029.816392
-179.0,676,3033.186153
-191.0,691,3035.389554
-182.0,699,3037.624289
-185.0,677,3040.974448
-184.0,677,3043.125319
-176.0,688,3045.320121
-185.0,676,3048.677452
-179.0,676,3050.833581
-180.0,688,3053.263284
-179.0,676,3056.71255
-171.0,698,3058.951475
-168.0,740,3061.359659
-177.0,687,3064.750423
-210.0,687,3066.93477
-187.0,677,3069.080068
-177.0,687,3072.470682
-177.0,687,3074.645517
-180.0,741,3077.064678
-177.0,687,3080.471539
-180.0,687,3082.694862
-179.0,676,3084.84675
-161.0,833,3088.870253
-180.0,676,3091.014639
-184.0,677,3094.373559
-173.0,741,3096.788261
-177.0,687,3117.475101
-112.0,1412,3126.204108
-175.0,687,3128.392156
-177.0,687,3131.783843
-171.0,698,3134.041668
-175.0,687,3136.234841
-177.0,687,3139.610604
-175.0,687,3141.822579
-177.0,687,3144.024348
-182.0,676,3147.373909
-184.0,677,3149.520691
-175.0,687,3151.704403
-168.0,740,3155.309868
-179.0,676,3157.464054
-170.0,698,3159.713558
-189.0,677,3163.065949
-177.0,687,3165.254877
-176.0,687,3167.44752
-123.0,1354,3174.600961
-174.0,698,3177.086298
-184.0,677,3180.449487
-182.0,688,3182.639491
-170.0,698,3184.862278
-193.0,703,3188.321503
-192.0,702,3190.571883
-173.0,741,3192.9877
-179.0,676,3196.354029
-178.0,688,3198.584081
-177.0,687,3200.784783
-177.0,687,3204.185557
-220.0,689,3206.402957
-179.0,676,3208.553336
-180.0,688,3211.950769
-177.0,687,3214.14511
-210.0,687,3216.342448
-175.0,687,3219.74749
-187.0,689,3221.945468
-175.0,687,3224.143503
-177.0,687,3227.560991
-175.0,687,3229.794636
-106.0,1613,3238.112262
-168.0,740,3240.52212
-185.0,689,3243.937069
-177.0,687,3246.131168
-170.0,741,3248.541911
-175.0,687,3251.92522
-182.0,688,3254.114685
-177.0,698,3256.342297
-115.0,1412,3263.391214
-172.0,698,3265.615869
-159.0,833,3269.618467
-175.0,687,3271.806462
-201.0,693,3274.025177
-170.0,740,3277.63294
-176.0,687,3279.810262
-173.0,741,3282.206544
-179.0,676,3285.555228
-177.0,687,3287.741058
-171.0,699,3289.968783
-172.0,698,3293.676075
-175.0,687,3295.898281
-178.0,687,3298.078567
-225.0,690,3301.490789
-170.0,698,3303.721558
-180.0,687,3305.91918
-175.0,687,3309.320141
-190.0,541,3310.946518
-185.0,689,3313.140172
-179.0,676,3316.488588
-180.0,688,3318.673114
-187.0,690,3320.865296
-172.0,740,3324.515708
-194.0,703,3326.767279
-180.0,743,3329.178403
-177.0,700,3332.62236
-171.0,687,3334.796007
-215.0,688,3355.197688
-175.0,699,3360.341134
-175.0,687,3362.533855
-175.0,687,3364.716907
-185.0,689,3368.119835
-183.0,689,3370.317527
-167.0,698,3372.545536
-176.0,687,3375.929202
-174.0,687,3378.108992
-177.0,688,3380.299619
-177.0,687,3383.712978
-183.0,676,3385.858459
-175.0,687,3388.054936
-167.0,698,3391.489541
-179.0,676,3393.630879
-178.0,688,3395.816251
-190.0,541,3398.638741
-179.0,676,3400.777768
-175.0,687,3402.964944
-168.0,740,3406.565521
-175.0,687,3408.746025
-169.0,698,3411.005165
-176.0,688,3414.804465
-177.0,687,3417.003473
-171.0,687,3419.194741
-167.0,740,3422.80336
-165.0,740,3425.204336
-175.0,687,3428.59162
-173.0,687,3430.780705
-180.0,688,3432.971507
-181.0,676,3436.316118
-168.0,698,3438.551123
-168.0,699,3440.781766
-176.0,687,3444.204514
-177.0,687,3446.386358
-178.0,699,3448.608972
-181.0,688,3452.006126
-177.0,687,3454.19504
-174.0,699,3456.427032
-184.0,700,3459.878892
-169.0,698,3462.107381
-177.0,687,3464.263343
-174.0,699,3467.694936
-170.0,741,3470.100264
-176.0,687,3472.51644
-185.0,689,3476.06057
-171.0,687,3478.25701
-182.0,688,3480.441411
-168.0,740,3484.061224
-176.0,687,3486.24384
-178.0,687,3488.429788
-202.0,693,3491.862115
-195.0,691,3494.058123
-177.0,687,3496.237157
-164.0,846,3500.32264
-170.0,741,3502.758104
-176.0,687,3504.948387
-178.0,688,3508.357129
-179.0,676,3510.502204
-191.0,541,3512.124534
-191.0,541,3514.953798
-179.0,676,3517.101873
-169.0,698,3519.330552
-176.0,687,3522.735672
-174.0,699,3524.967969
-176.0,688,3527.164265
-170.0,698,3530.751413
-176.0,687,3533.13589
-190.0,690,3535.35491
-172.0,698,3538.802487
-197.0,704,3541.067186
-179.0,676,3543.221194
-180.0,676,3546.572721
-201.0,693,3548.781821
-169.0,741,3551.192149
-185.0,689,3554.60316
-177.0,687,3574.849297
-180.0,688,3578.755842
-179.0,676,3582.121011
-220.0,700,3584.364511
-172.0,687,3586.556319
-176.0,741,3590.169123
-179.0,676,3592.55451
-195.0,844,3596.71874
-218.0,676,3598.858956
-181.0,676,3600.994822
-192.0,541,3602.614587
-172.0,698,3606.036846
-165.0,740,3608.440841
-185.0,701,3610.684356
-175.0,699,3614.109388
-182.0,676,3616.254566
-169.0,741,3619.850919
-176.0,687,3622.067915
-179.0,676,3624.287584
-177.0,687,3627.708559
-171.0,741,3630.112952
-181.0,699,3632.356471
-187.0,689,3635.761589
-205.0,846,3638.639916
-175.0,687,3640.824816
-176.0,687,3644.215013
-179.0,741,3646.622911
-181.0,699,3648.858983
-184.0,701,3652.559346
-199.0,746,3655.103718
-176.0,698,3657.327177
-129.0,1201,3663.174363
-176.0,687,3665.359459
-176.0,687,3668.764806
-158.0,845,3671.629142
-177.0,687,3673.825245
-187.0,677,3677.186269
-167.0,698,3679.417183
-149.0,1035,3684.41402
-163.0,846,3687.27053
-177.0,687,3689.447329
-174.0,699,3692.901007
-186.0,689,3695.117949
-170.0,698,3697.376999
-181.0,676,3700.735751
-173.0,698,3702.97514
-177.0,687,3705.172306
-179.0,676,3708.523657
-177.0,687,3710.709338
-181.0,688,3713.136883
-165.0,834,3717.255554
-176.0,698,3719.491982
-172.0,698,3721.727093
-175.0,699,3725.177575
-185.0,676,3727.319345
-224.0,541,3728.94352
-171.0,687,3732.38344
-184.0,677,3734.532661
-161.0,845,3737.392617
-181.0,676,3740.74024
-188.0,851,3743.665483
-177.0,687,3747.063377
-157.0,844,3749.917355
-178.0,700,3752.155735
-153.0,844,3756.214085
-202.0,943,3759.530181
-169.0,847,3763.616087
-182.0,676,3765.760474
-176.0,687,3767.946963
-176.0,687,3771.616837
-159.0,845,3774.607965
-170.0,741,3777.13028
-191.0,541,3780.012472
-174.0,699,3782.255006
-175.0,699,3784.502042
-173.0,847,3788.580042
-182.0,687,3809.015301
-172.0,698,3812.967134
-179.0,700,3816.415076
-145.0,1024,3820.11971
-180.0,687,3823.521388
-175.0,699,3825.748906
-171.0,859,3828.664485
-185.0,701,3832.547565
-172.0,687,3834.813042
-166.0,846,3837.681396
-181.0,688,3841.085457
-169.0,847,3843.949285
-172.0,698,3846.19703
-154.0,856,3850.306263
-184.0,701,3852.550386
-165.0,740,3856.157264
-170.0,698,3858.406022
-173.0,699,3860.66673
-182.0,688,3864.094032
-174.0,742,3866.508059
-176.0,742,3868.923149
-172.0,699,3872.362015
-142.0,1034,3876.11927
-169.0,741,3879.730628
-167.0,856,3882.638194
-181.0,688,3884.829453
-181.0,687,3888.233499
-180.0,743,3890.670445
-168.0,698,3893.132808
-167.0,698,3896.664213
-173.0,687,3898.854614
-165.0,740,3901.26143
-177.0,687,3904.660539
-167.0,698,3906.887007
-165.0,740,3909.292782
-182.0,688,3912.691402
-173.0,699,3914.929919
-173.0,699,3917.164101
-189.0,702,3920.621031
-177.0,687,3922.832991
-166.0,740,3925.252521
-185.0,744,3928.875203
-163.0,846,3931.734016
-180.0,700,3935.18861
-185.0,701,3937.434198
-180.0,700,3939.683489
-177.0,700,3943.159676
-197.0,542,3944.790351
-173.0,699,3947.030434
-177.0,687,3950.433775
-225.0,541,3952.291447
-170.0,698,3954.623612
-181.0,688,3958.046149
-182.0,676,3960.204483
-175.0,742,3962.633775
-171.0,698,3966.083497
-169.0,741,3968.490671
-177.0,687,3970.685918
-169.0,698,3974.133954
-167.0,698,3976.370191
-171.0,687,3978.545213
-186.0,688,3981.9689
-178.0,698,3984.216687
-181.0,688,3986.406646
-170.0,741,3990.019652
-136.0,1203,3994.634249
-170.0,741,3998.447995
-148.0,1602,4005.471946
-165.0,740,4009.127057
-170.0,698,4011.602701
-178.0,699,4014.152795
-214.0,742,4017.886461
-183.0,676,4020.265352
-174.0,699,4024.338029
-158.0,845,4030.437608
-176.0,699,4033.486601
-176.0,687,4056.592433
-165.0,740,4061.025775
-179.0,676,4063.392922
-181.0,676,4067.644235
-165.0,740,4070.418868
-175.0,742,4073.688843
-157.0,844,4078.276469
-165.0,740,4080.850649
-176.0,687,4084.126678
-178.0,687,4089.769988
-170.0,741,4093.03005
-165.0,698,4097.66954
-142.0,1204,4105.797308
-176.0,687,4108.163899
-172.0,699,4112.393681
-178.0,698,4114.966212
-171.0,698,4119.349585
-149.0,941,4125.946518
-170.0,698,4128.318682
-181.0,676,4133.964995
-169.0,1202,4140.051091
-189.0,541,4142.336115
-168.0,698,4147.589543
-176.0,687,4149.852013
-176.0,687,4152.446589
-166.0,846,4158.736367
-165.0,740,4161.939785
-173.0,741,4169.146248
-175.0,742,4171.885361
-165.0,740,4174.744023
-169.0,741,4181.279253
-170.0,847,4184.270768
-170.0,698,4186.925285
-175.0,687,4192.74264
-182.0,701,4195.894892
-173.0,698,4200.543536
-174.0,699,4206.394185
-185.0,701,4208.735178
-175.0,687,4211.247614
-179.0,700,4216.109706
-163.0,698,4218.480237
-132.0,1614,4229.960122
-170.0,698,4232.311691
-182.0,676,4237.532573
-156.0,844,4240.891671
-176.0,687,4244.44042
-157.0,844,4251.427542
-190.0,690,4253.700999
-175.0,742,4256.745768
-136.0,1203,4265.304565
-178.0,700,4268.278728
-181.0,688,4274.198013
-169.0,698,4276.604502
-156.0,844,4281.376612
-181.0,676,4286.823051
-170.0,741,4289.649971
-176.0,687,4293.65387
-155.0,856,4299.765943
-164.0,740,4302.34497
-175.0,699,4308.050618
-203.0,858,4311.348869
-178.0,687,4314.705926
-169.0,698,4321.007381
-180.0,743,4324.19012
-177.0,742,4329.033217
-176.0,699,4334.771184
-179.0,700,4337.157859
-160.0,857,4340.285667
-137.0,1203,4346.42868
-200.0,833,4350.266544
-172.0,699,4355.301841
-191.0,745,4358.579132
-168.0,740,4365.669581
-146.0,1204,4370.803656
-175.0,742,4374.328845
-167.0,740,4379.527532
-182.0,688,4400.82948
-167.0,698,4406.148035
-159.0,844,4409.092919
-166.0,698,4411.750863
-157.0,844,4418.596993
-167.0,845,4422.1107
-169.0,741,4426.922967
-172.0,741,4432.260241
-178.0,687,4435.139266
-178.0,687,4439.681584
-171.0,698,4444.528207
-165.0,740,4447.65238
-135.0,1417,4458.219891
-168.0,1202,4463.510468
-165.0,740,4467.468955
-177.0,687,4470.161804
-168.0,698,4476.902395
-170.0,741,4479.541783
-173.0,698,4481.96876
-101.0,1603,4492.899451
-177.0,687,4495.236141
-173.0,698,4499.848492
-177.0,687,4502.580469
-169.0,858,4508.444855
-181.0,676,4513.544373
-170.0,741,4516.21244
-156.0,844,4523.602997
-154.0,1036,4527.626242
-159.0,844,4531.791103
-156.0,942,4537.250723
-185.0,701,4539.642382
-175.0,699,4544.87464
-189.0,541,4546.681628
-147.0,1035,4553.11892
-191.0,690,4558.632942
-156.0,844,4561.607122
-177.0,687,4564.599042
-176.0,687,4570.102751
-176.0,687,4573.816988
-179.0,687,4578.407086
-155.0,1047,4585.571475
-129.0,1201,4595.437582
-172.0,698,4597.742548
-177.0,699,4600.404666
-165.0,740,4606.883927
-128.0,1200,4611.83409
-131.0,1200,4619.581331
-127.0,1200,4624.936499
-130.0,1201,4631.992321
-185.0,676,4634.291837
-169.0,698,4639.633693
-126.0,1200,4645.30876
-126.0,1200,4654.145557
-166.0,698,4656.449459
-228.0,530,4658.291845
-146.0,1034,4665.054411
-131.0,1201,4670.699518
-166.0,856,4675.476579
-156.0,844,4679.369113
-178.0,742,4685.220515
-178.0,698,4687.716013
-156.0,844,4691.237836
-163.0,845,4697.070127
-157.0,1036,4702.025588
-156.0,855,4708.674371
-181.0,676,4711.01069
-195.0,844,4716.175086
-151.0,1035,4722.200658
-185.0,744,4724.893708
-146.0,1034,4731.092186
-175.0,698,4733.509826
-126.0,1200,4741.73047
-170.0,741,4744.29876
-160.0,857,4751.116552
-158.0,844,4754.137093
-202.0,740,4757.567755
-167.0,740,4782.437144
-141.0,1034,4788.200619
-179.0,699,4791.745528
-164.0,740,4794.260169
-146.0,1034,4800.573614
-154.0,844,4806.392228
-189.0,745,4809.079865
-162.0,845,4816.097487
-195.0,844,4819.11623
-156.0,844,4822.962196
-166.0,698,4828.265031
-181.0,687,4831.052184
-165.0,740,4835.921592
-166.0,740,4840.688587
-175.0,687,4842.952407
-173.0,741,4847.826077
-156.0,844,4851.133549
-170.0,741,4855.32338
-168.0,740,4861.413194
-168.0,698,4863.717038
-134.0,1201,4872.063114
-167.0,698,4874.378354
-136.0,1201,4883.851359
-156.0,844,4886.806547
-156.0,844,4890.335723
-195.0,844,4896.448051
-171.0,847,4899.758047
-172.0,740,4906.554039
-156.0,844,4909.806537
-122.0,1413,4920.626006
-119.0,1413,4926.970956
-171.0,741,4931.258967
-161.0,845,4934.327248
-159.0,844,4941.028449
-152.0,1412,4947.027823
-134.0,1201,4952.948906
-155.0,856,4956.080715
-202.0,845,4962.501403
-127.0,1200,4967.242505
-131.0,1201,4973.266466
-175.0,699,4975.716952
-177.0,687,4979.617778
-138.0,1202,4987.758149
-177.0,687,4991.218857
-157.0,855,4997.463917
-175.0,698,4999.75377
-175.0,698,5002.249508
-148.0,1046,5007.879717
-127.0,1200,5017.511972
-128.0,1201,5022.510502
-171.0,740,5027.18501
-131.0,1403,5033.100244
-137.0,1202,5039.164959
-191.0,541,5040.888479
-176.0,698,5044.158977
-131.0,1415,5053.89652
-180.0,687,5056.606591
-186.0,677,5061.28982
-179.0,687,5064.349747
-131.0,1201,5074.346518
-186.0,677,5076.571047
-133.0,1201,5085.391484
-132.0,1200,5090.317127
-156.0,941,5096.646505
-127.0,1200,5101.561934
-151.0,1035,5107.730242
-163.0,845,5110.931899
-136.0,1346,5120.808439
-182.0,687,5123.0711
-177.0,741,5127.783427
-182.0,688,5130.200896
-144.0,1045,5135.871853
-157.0,941,5142.682463
-178.0,698,5145.014528
-177.0,699,5147.480497
-172.0,740,5151.393142
-124.0,1200,5188.973972
-177.0,698,5195.560903
-166.0,846,5198.512036
-167.0,740,5202.727445
-168.0,846,5205.866151
-181.0,688,5209.534744
-173.0,740,5215.869142
-165.0,1048,5220.900119
-168.0,740,5227.892341
-176.0,698,5230.379022
-191.0,678,5233.253746
-148.0,1200,5242.483572
-121.0,1200,5247.289493
-177.0,687,5250.857715
-183.0,699,5253.444535
-151.0,1035,5262.582144
-168.0,740,5265.063378
-117.0,1412,5274.737957
-134.0,1201,5279.46013
-166.0,740,5283.298227
-131.0,1200,5288.372344
-129.0,1200,5296.679976
-157.0,941,5300.336037
-175.0,698,5306.436033
-177.0,687,5309.038909
-183.0,688,5312.605831
-161.0,845,5319.841872
-88.0,1614,5327.819184
-182.0,676,5331.31357
-177.0,687,5333.79081
-136.0,1201,5343.54112
-182.0,687,5345.794484
-176.0,687,5348.342522
-184.0,1034,5355.979306
-182.0,688,5358.960562
-191.0,541,5362.329725
-185.0,676,5367.863539
-102.0,1599,5381.145569
-130.0,1200,5385.863218
-145.0,1201,5391.856996
-165.0,845,5394.807194
